"ClientId","ConsentType","ExpiryTime","ObjectId","PrincipalId","ResourceId","Scope","StartTime"
"d61f7681-8750-4665-ae00-c62b1c038861","AllPrincipals","8/24/2021 1:30:01 PM","gXYf1lCHZUauAMYrHAOIYW1rkel6pnZPijM5l-i64B8",,"e9916b6d-a67a-4f76-8a33-3997e8bae01f","User.Read","1/1/0001 12:00:00 AM"
"39cdb12c-3b5e-41c0-93ea-4f8f0d800cfa","Principal","1/8/2022 7:30:23 PM","LLHNOV47wEGT6k-PDYAM-g1MWvG5IFlLjpcepoZ9ztCLFmcRYXgmRYdilOmAxoJ2","1167168b-7861-4526-8762-94e980c68276","f15a4c0d-20b9-4b59-8e97-1ea6867dced0","User.Read","1/1/0001 12:00:00 AM"
"39cdb12c-3b5e-41c0-93ea-4f8f0d800cfa","Principal","1/8/2022 7:30:23 PM","LLHNOV47wEGT6k-PDYAM-m1rkel6pnZPijM5l-i64B-LFmcRYXgmRYdilOmAxoJ2","1167168b-7861-4526-8762-94e980c68276","e9916b6d-a67a-4f76-8a33-3997e8bae01f","User.Read","1/1/0001 12:00:00 AM"
"39cdb12c-3b5e-41c0-93ea-4f8f0d800cfa","Principal","1/8/2022 7:30:23 PM","LLHNOV47wEGT6k-PDYAM-qnQqhetK19CiFUeocpcXiyLFmcRYXgmRYdilOmAxoJ2","1167168b-7861-4526-8762-94e980c68276","17aad0a9-2bad-425f-8855-1ea1ca5c5e2c","Notes.Create Notes.ReadWrite.CreatedByApp Notes.Read Notes.ReadWrite Notes.Read.All Notes.ReadWrite.All","1/1/0001 12:00:00 AM"
"763e531d-b34e-48a5-8a5e-3c851c612a67","Principal","3/8/2022 2:10:02 AM","HVM-dk6zpUiKXjyFHGEqZ21rkel6pnZPijM5l-i64B-LFmcRYXgmRYdilOmAxoJ2","1167168b-7861-4526-8762-94e980c68276","e9916b6d-a67a-4f76-8a33-3997e8bae01f"," offline_access openid EWS.AccessAsUser.All EAS.AccessAsUser.All","1/1/0001 12:00:00 AM"
"763e531d-b34e-48a5-8a5e-3c851c612a67","Principal","3/20/2022 11:38:52 PM","HVM-dk6zpUiKXjyFHGEqZ21rkel6pnZPijM5l-i64B-5RHfD5qxfR77a8zED5aBj","c37744b9-ace6-475f-beda-f33103e5a063","e9916b6d-a67a-4f76-8a33-3997e8bae01f"," openid offline_access EAS.AccessAsUser.All","1/1/0001 12:00:00 AM"
"763e531d-b34e-48a5-8a5e-3c851c612a67","Principal","3/7/2022 9:11:47 PM","HVM-dk6zpUiKXjyFHGEqZ21rkel6pnZPijM5l-i64B--VG00Q0ztTL2WpC64BT6q","346d54be-4c43-4ced-bd96-a42eb8053eaa","e9916b6d-a67a-4f76-8a33-3997e8bae01f"," openid offline_access EAS.AccessAsUser.All","1/1/0001 12:00:00 AM"
"763e531d-b34e-48a5-8a5e-3c851c612a67","Principal","5/2/2022 5:24:23 PM","HVM-dk6zpUiKXjyFHGEqZ21rkel6pnZPijM5l-i64B_WWaL_G7nJTphgKXdfEdIj","ffa259d6-b91b-4ec9-9860-29775f11d223","e9916b6d-a67a-4f76-8a33-3997e8bae01f"," openid offline_access EAS.AccessAsUser.All","1/1/0001 12:00:00 AM"
"763e531d-b34e-48a5-8a5e-3c851c612a67","Principal","4/19/2022 6:59:36 PM","HVM-dk6zpUiKXjyFHGEqZ21rkel6pnZPijM5l-i64B8vHZ8X0IMIQorCL4FYeqB1","179f1d2f-83d0-4208-8ac2-2f81587aa075","e9916b6d-a67a-4f76-8a33-3997e8bae01f"," openid offline_access EAS.AccessAsUser.All","1/1/0001 12:00:00 AM"
"763e531d-b34e-48a5-8a5e-3c851c612a67","Principal","3/21/2022 6:47:17 PM","HVM-dk6zpUiKXjyFHGEqZ21rkel6pnZPijM5l-i64B8JJil8FxsUT5h0k6Ix7ATh","7c292609-1b17-4f14-9874-93a231ec04e1","e9916b6d-a67a-4f76-8a33-3997e8bae01f"," openid offline_access EAS.AccessAsUser.All","1/1/0001 12:00:00 AM"
"763e531d-b34e-48a5-8a5e-3c851c612a67","Principal","1/15/2022 2:40:16 PM","HVM-dk6zpUiKXjyFHGEqZ21rkel6pnZPijM5l-i64B8M_qoMmVGDQJWit-HiIUQE","0caafe0c-5199-4083-95a2-b7e1e2214404","e9916b6d-a67a-4f76-8a33-3997e8bae01f"," openid offline_access EAS.AccessAsUser.All","1/1/0001 12:00:00 AM"
"763e531d-b34e-48a5-8a5e-3c851c612a67","Principal","4/6/2022 6:14:34 PM","HVM-dk6zpUiKXjyFHGEqZ21rkel6pnZPijM5l-i64B9pIJWCJxeWQquOtK56uIXX","82952069-1727-4296-ab8e-b4ae7ab885d7","e9916b6d-a67a-4f76-8a33-3997e8bae01f"," openid offline_access EAS.AccessAsUser.All","1/1/0001 12:00:00 AM"
"763e531d-b34e-48a5-8a5e-3c851c612a67","Principal","1/10/2022 8:13:02 PM","HVM-dk6zpUiKXjyFHGEqZ21rkel6pnZPijM5l-i64B-bOopMaWFNQbIB_eerbUXl","4c8a3a9b-6169-414d-b201-fde7ab6d45e5","e9916b6d-a67a-4f76-8a33-3997e8bae01f"," openid offline_access EAS.AccessAsUser.All","1/1/0001 12:00:00 AM"
"763e531d-b34e-48a5-8a5e-3c851c612a67","Principal","4/9/2022 2:50:13 PM","HVM-dk6zpUiKXjyFHGEqZ21rkel6pnZPijM5l-i64B-o__GP3Yn4RasZbcQYVD-K","8ff1ffa8-89dd-45f8-ab19-6dc418543f8a","e9916b6d-a67a-4f76-8a33-3997e8bae01f"," openid offline_access EAS.AccessAsUser.All","1/1/0001 12:00:00 AM"
"763e531d-b34e-48a5-8a5e-3c851c612a67","Principal","5/15/2022 8:19:42 PM","HVM-dk6zpUiKXjyFHGEqZ21rkel6pnZPijM5l-i64B-jGpS5i2JGTbluSHCcEMZX","b9941aa3-628b-4d46-b96e-48709c10c657","e9916b6d-a67a-4f76-8a33-3997e8bae01f"," openid offline_access EAS.AccessAsUser.All","1/1/0001 12:00:00 AM"
"763e531d-b34e-48a5-8a5e-3c851c612a67","Principal","3/22/2022 1:09:09 AM","HVM-dk6zpUiKXjyFHGEqZ21rkel6pnZPijM5l-i64B9Tc5GPgV6aTKdB552LPrn_","8f917353-5e81-4c9a-a741-e79d8b3eb9ff","e9916b6d-a67a-4f76-8a33-3997e8bae01f"," openid offline_access EAS.AccessAsUser.All","1/1/0001 12:00:00 AM"
"763e531d-b34e-48a5-8a5e-3c851c612a67","Principal","4/11/2022 6:48:43 PM","HVM-dk6zpUiKXjyFHGEqZ21rkel6pnZPijM5l-i64B9ug96YsFI5RKsNYA8sOGvE","98de836e-52b0-4439-ab0d-600f2c386bc4","e9916b6d-a67a-4f76-8a33-3997e8bae01f"," openid offline_access EAS.AccessAsUser.All","1/1/0001 12:00:00 AM"
"763e531d-b34e-48a5-8a5e-3c851c612a67","Principal","3/18/2022 12:53:52 PM","HVM-dk6zpUiKXjyFHGEqZ21rkel6pnZPijM5l-i64B96secClVZSSpImHqdkWYN9","02e7b17a-5695-4a52-9226-1ea76459837d","e9916b6d-a67a-4f76-8a33-3997e8bae01f"," openid offline_access EAS.AccessAsUser.All","1/1/0001 12:00:00 AM"
"763e531d-b34e-48a5-8a5e-3c851c612a67","Principal","3/16/2022 7:20:47 PM","HVM-dk6zpUiKXjyFHGEqZ21rkel6pnZPijM5l-i64B9k3TgsyKJHTKrxoA4UA3La","2c38dd64-a2c8-4c47-aaf1-a00e140372da","e9916b6d-a67a-4f76-8a33-3997e8bae01f"," openid offline_access EAS.AccessAsUser.All","1/1/0001 12:00:00 AM"
"763e531d-b34e-48a5-8a5e-3c851c612a67","Principal","3/12/2022 2:08:17 AM","HVM-dk6zpUiKXjyFHGEqZ21rkel6pnZPijM5l-i64B-oPOPt1_q_RZMy90zgxuA0","ede33ca8-fad7-45bf-9332-f74ce0c6e034","e9916b6d-a67a-4f76-8a33-3997e8bae01f"," openid offline_access EAS.AccessAsUser.All","1/1/0001 12:00:00 AM"
"763e531d-b34e-48a5-8a5e-3c851c612a67","Principal","5/28/2022 12:39:44 AM","HVM-dk6zpUiKXjyFHGEqZ21rkel6pnZPijM5l-i64B8Y6IXceCxJRJA6zDgDzNHX","dc85e818-2c78-4449-903a-cc3803ccd1d7","e9916b6d-a67a-4f76-8a33-3997e8bae01f"," openid offline_access EAS.AccessAsUser.All","1/1/0001 12:00:00 AM"
"b6248405-568a-4407-9fb0-8cf9b69cdf51","Principal","4/20/2022 1:44:53 PM","BYQktopWB0SfsIz5tpzfUW1rkel6pnZPijM5l-i64B-vN-ZrtcjMQql9k_VX7cMF","6be637af-c8b5-42cc-a97d-93f557edc305","e9916b6d-a67a-4f76-8a33-3997e8bae01f"," User.Read Presence.Read offline_access","1/1/0001 12:00:00 AM"
"b6248405-568a-4407-9fb0-8cf9b69cdf51","Principal","1/15/2022 2:27:53 PM","BYQktopWB0SfsIz5tpzfUW1rkel6pnZPijM5l-i64B97ZOpEfcOhSIyZ_vgDEUNo","44ea647b-c37d-48a1-8c99-fef803114368","e9916b6d-a67a-4f76-8a33-3997e8bae01f","offline_access Presence.Read User.Read","1/1/0001 12:00:00 AM"
"0bc79583-8e3c-4306-8e3c-99b0b5d52164","Principal","1/17/2022 2:55:12 PM","g5XHCzyOBkOOPJmwtdUhZA1MWvG5IFlLjpcepoZ9ztBGRQv0LaySRo02JDtw52vZ","f40b4546-ac2d-4692-8d36-243b70e76bd9","f15a4c0d-20b9-4b59-8e97-1ea6867dced0","User.Read","1/1/0001 12:00:00 AM"
"0bc79583-8e3c-4306-8e3c-99b0b5d52164","Principal","1/17/2022 2:55:12 PM","g5XHCzyOBkOOPJmwtdUhZG1rkel6pnZPijM5l-i64B9GRQv0LaySRo02JDtw52vZ","f40b4546-ac2d-4692-8d36-243b70e76bd9","e9916b6d-a67a-4f76-8a33-3997e8bae01f","Files.ReadWrite.All","1/1/0001 12:00:00 AM"
"5573202c-5470-49e8-a572-96c75dae5479","AllPrincipals","3/28/2022 1:12:24 PM","LCBzVXBU6EmlcpbHXa5UeW1rkel6pnZPijM5l-i64B8",,"e9916b6d-a67a-4f76-8a33-3997e8bae01f"," openid email profile offline_access User.Read Calendars.ReadWrite","1/1/0001 12:00:00 AM"
"5573202c-5470-49e8-a572-96c75dae5479","Principal","3/28/2022 1:07:51 PM","LCBzVXBU6EmlcpbHXa5UeW1rkel6pnZPijM5l-i64B-vN-ZrtcjMQql9k_VX7cMF","6be637af-c8b5-42cc-a97d-93f557edc305","e9916b6d-a67a-4f76-8a33-3997e8bae01f"," openid email profile offline_access User.Read Calendars.ReadWrite","1/1/0001 12:00:00 AM"
"5573202c-5470-49e8-a572-96c75dae5479","Principal","3/26/2022 11:33:02 AM","LCBzVXBU6EmlcpbHXa5UeW1rkel6pnZPijM5l-i64B97ZOpEfcOhSIyZ_vgDEUNo","44ea647b-c37d-48a1-8c99-fef803114368","e9916b6d-a67a-4f76-8a33-3997e8bae01f"," openid email profile offline_access User.Read Calendars.ReadWrite","1/1/0001 12:00:00 AM"
"5573202c-5470-49e8-a572-96c75dae5479","Principal","3/21/2022 8:36:02 PM","LCBzVXBU6EmlcpbHXa5UeW1rkel6pnZPijM5l-i64B-Mu8jYp1EsQYqHjAHWEy3i","d8c8bb8c-51a7-412c-8a87-8c01d6132de2","e9916b6d-a67a-4f76-8a33-3997e8bae01f"," openid email profile offline_access User.Read Calendars.ReadWrite","1/1/0001 12:00:00 AM"
"5573202c-5470-49e8-a572-96c75dae5479","Principal","3/28/2022 1:07:00 PM","LCBzVXBU6EmlcpbHXa5UeW1rkel6pnZPijM5l-i64B8iasD_S_UYTpxuvk0A1D7E","ffc06a22-f54b-4e18-9c6e-be4d00d43ec4","e9916b6d-a67a-4f76-8a33-3997e8bae01f"," openid email profile offline_access User.Read Calendars.ReadWrite","1/1/0001 12:00:00 AM"
"5573202c-5470-49e8-a572-96c75dae5479","Principal","3/22/2022 7:51:52 PM","LCBzVXBU6EmlcpbHXa5UeW1rkel6pnZPijM5l-i64B89otFrXQCTS6L22Uc0fA70","6bd1a23d-005d-4b93-a2f6-d947347c0ef4","e9916b6d-a67a-4f76-8a33-3997e8bae01f"," openid email profile offline_access User.Read Calendars.ReadWrite","1/1/0001 12:00:00 AM"
"5573202c-5470-49e8-a572-96c75dae5479","Principal","3/21/2022 6:11:51 PM","LCBzVXBU6EmlcpbHXa5UeW1rkel6pnZPijM5l-i64B8f9sE_yUqoSKiVOCmiPr44","3fc1f61f-4ac9-48a8-a895-3829a23ebe38","e9916b6d-a67a-4f76-8a33-3997e8bae01f"," openid email profile offline_access User.Read Calendars.ReadWrite","1/1/0001 12:00:00 AM"
"5573202c-5470-49e8-a572-96c75dae5479","Principal","3/8/2022 8:29:09 PM","LCBzVXBU6EmlcpbHXa5UeW1rkel6pnZPijM5l-i64B_y0Mn3NX-vQLZ_iDVGuxNH","f7c9d0f2-7f35-40af-b67f-883546bb1347","e9916b6d-a67a-4f76-8a33-3997e8bae01f"," openid email profile offline_access User.Read Calendars.ReadWrite","1/1/0001 12:00:00 AM"
"5573202c-5470-49e8-a572-96c75dae5479","Principal","1/19/2022 7:33:27 PM","LCBzVXBU6EmlcpbHXa5UeW1rkel6pnZPijM5l-i64B9GRQv0LaySRo02JDtw52vZ","f40b4546-ac2d-4692-8d36-243b70e76bd9","e9916b6d-a67a-4f76-8a33-3997e8bae01f"," openid email profile offline_access User.Read Calendars.ReadWrite","1/1/0001 12:00:00 AM"
"e5f9f898-ffaf-41fd-ad9d-a4c92e0ad03f","Principal","1/23/2022 2:11:16 PM","mPj55a___UGtnaTJLgrQPw1MWvG5IFlLjpcepoZ9ztCbOopMaWFNQbIB_eerbUXl","4c8a3a9b-6169-414d-b201-fde7ab6d45e5","f15a4c0d-20b9-4b59-8e97-1ea6867dced0","User.Read","1/1/0001 12:00:00 AM"
"e5f9f898-ffaf-41fd-ad9d-a4c92e0ad03f","Principal","1/23/2022 2:11:16 PM","mPj55a___UGtnaTJLgrQP21rkel6pnZPijM5l-i64B-bOopMaWFNQbIB_eerbUXl","4c8a3a9b-6169-414d-b201-fde7ab6d45e5","e9916b6d-a67a-4f76-8a33-3997e8bae01f","Sites.ReadWrite.All","1/1/0001 12:00:00 AM"
"e5f9f898-ffaf-41fd-ad9d-a4c92e0ad03f","Principal","1/23/2022 2:11:16 PM","mPj55a___UGtnaTJLgrQP3lu4l00vWtMsKgx-hXJA0WbOopMaWFNQbIB_eerbUXl","4c8a3a9b-6169-414d-b201-fde7ab6d45e5","5de26e79-bd34-4c6b-b0a8-31fa15c90345","MyFiles.Write MyFiles.Write","1/1/0001 12:00:00 AM"
"47f161df-2ada-4bb9-8b8e-2d60937dda61","AllPrincipals","1/25/2022 1:53:47 PM","32HxR9oquUuLji1gk33aYQ1MWvG5IFlLjpcepoZ9ztA",,"f15a4c0d-20b9-4b59-8e97-1ea6867dced0","User.Read","1/1/0001 12:00:00 AM"
"47f161df-2ada-4bb9-8b8e-2d60937dda61","AllPrincipals","1/25/2022 1:53:47 PM","32HxR9oquUuLji1gk33aYW1rkel6pnZPijM5l-i64B8",,"e9916b6d-a67a-4f76-8a33-3997e8bae01f","Directory.Read.All Mail.Send Sites.Read.All Sites.FullControl.All User.Read","1/1/0001 12:00:00 AM"
"47f161df-2ada-4bb9-8b8e-2d60937dda61","AllPrincipals","1/25/2022 1:53:47 PM","32HxR9oquUuLji1gk33aYXlu4l00vWtMsKgx-hXJA0U",,"5de26e79-bd34-4c6b-b0a8-31fa15c90345","AllSites.FullControl TermStore.ReadWrite.All","1/1/0001 12:00:00 AM"
"075c1dce-0ebe-46f8-ba36-c96c8d30e7b1","Principal","2/5/2022 1:02:48 PM","zh1cB74O-Ea6NslsjTDnsQ1MWvG5IFlLjpcepoZ9ztCrZ0RVOCXgT7S88M-4_tzA","554467ab-2538-4fe0-b4bc-f0cfb8fedcc0","f15a4c0d-20b9-4b59-8e97-1ea6867dced0","User.Read Group.Read.All","1/1/0001 12:00:00 AM"
"075c1dce-0ebe-46f8-ba36-c96c8d30e7b1","Principal","2/5/2022 1:02:48 PM","zh1cB74O-Ea6NslsjTDnsW1rkel6pnZPijM5l-i64B-rZ0RVOCXgT7S88M-4_tzA","554467ab-2538-4fe0-b4bc-f0cfb8fedcc0","e9916b6d-a67a-4f76-8a33-3997e8bae01f","DeviceManagementManagedDevices.PrivilegedOperations.All DeviceManagementManagedDevices.ReadWrite.All DeviceManagementRBAC.ReadWrite.All DeviceManagementApps.ReadWrite.All DeviceManagementConfiguration.ReadWrite.All DeviceManagementServiceConfig.ReadWrite.All Group.ReadWrite.All Directory.Read.All openid","1/1/0001 12:00:00 AM"
"00d10722-3a41-4112-974f-fa8999a3a122","Principal","2/5/2022 3:55:10 PM","IgfRAEE6EkGXT_qJmaOhIm1rkel6pnZPijM5l-i64B-LFmcRYXgmRYdilOmAxoJ2","1167168b-7861-4526-8762-94e980c68276","e9916b6d-a67a-4f76-8a33-3997e8bae01f"," Files.ReadWrite.All User.Read Mail.Read openid profile offline_access","1/1/0001 12:00:00 AM"
"30360961-4ced-487d-a0f0-895dd374f42f","Principal","2/9/2022 4:30:01 PM","YQk2MO1MfUig8Ild03T0L21rkel6pnZPijM5l-i64B-rZ0RVOCXgT7S88M-4_tzA","554467ab-2538-4fe0-b4bc-f0cfb8fedcc0","e9916b6d-a67a-4f76-8a33-3997e8bae01f"," User.Read","1/1/0001 12:00:00 AM"
"f6049a58-46b0-4c01-8630-cb5aaf4b2858","AllPrincipals","2/9/2022 4:33:09 PM","WJoE9rBGAUyGMMtar0soWA1MWvG5IFlLjpcepoZ9ztA",,"f15a4c0d-20b9-4b59-8e97-1ea6867dced0","User.Read","1/1/0001 12:00:00 AM"
"f6049a58-46b0-4c01-8630-cb5aaf4b2858","AllPrincipals","2/9/2022 4:33:09 PM","WJoE9rBGAUyGMMtar0soWG1rkel6pnZPijM5l-i64B8",,"e9916b6d-a67a-4f76-8a33-3997e8bae01f","User.Read","1/1/0001 12:00:00 AM"
"2b501566-6dcd-4a20-93c4-dbf92e88bdb9","AllPrincipals","2/9/2022 4:33:17 PM","ZhVQK81tIEqTxNv5Loi9uQ1MWvG5IFlLjpcepoZ9ztA",,"f15a4c0d-20b9-4b59-8e97-1ea6867dced0","User.Read","1/1/0001 12:00:00 AM"
"2b501566-6dcd-4a20-93c4-dbf92e88bdb9","AllPrincipals","2/9/2022 4:33:17 PM","ZhVQK81tIEqTxNv5Loi9uW1rkel6pnZPijM5l-i64B8",,"e9916b6d-a67a-4f76-8a33-3997e8bae01f","User.Read","1/1/0001 12:00:00 AM"
"84d979e0-cc69-4309-8a21-9d5950a35cbb","Principal","2/12/2022 1:21:45 PM","4HnZhGnMCUOKIZ1ZUKNcu21rkel6pnZPijM5l-i64B-LFmcRYXgmRYdilOmAxoJ2","1167168b-7861-4526-8762-94e980c68276","e9916b6d-a67a-4f76-8a33-3997e8bae01f"," User.Read Notes.ReadWrite Notes.ReadWrite.All Notes.Create offline_access","1/1/0001 12:00:00 AM"
"68275ca2-0286-4764-a906-c055ef9cd7a0","AllPrincipals","5/29/2022 2:25:19 PM","olwnaIYCZEepBsBV75zXoG1rkel6pnZPijM5l-i64B8",,"e9916b6d-a67a-4f76-8a33-3997e8bae01f"," openid email profile User.Read","1/1/0001 12:00:00 AM"
"68275ca2-0286-4764-a906-c055ef9cd7a0","Principal","4/20/2022 12:47:14 PM","olwnaIYCZEepBsBV75zXoG1rkel6pnZPijM5l-i64B8tNdQzRADPQJy_EdqZvkcE","33d4352d-0044-40cf-9cbf-11da99be4704","e9916b6d-a67a-4f76-8a33-3997e8bae01f"," openid email profile User.Read","1/1/0001 12:00:00 AM"
"68275ca2-0286-4764-a906-c055ef9cd7a0","Principal","4/13/2022 1:50:30 PM","olwnaIYCZEepBsBV75zXoG1rkel6pnZPijM5l-i64B-geolyoUi9T7ZsBrErKN8v","72897aa0-48a1-4fbd-b66c-06b12b28df2f","e9916b6d-a67a-4f76-8a33-3997e8bae01f"," openid email profile User.Read","1/1/0001 12:00:00 AM"
"68275ca2-0286-4764-a906-c055ef9cd7a0","Principal","2/13/2022 2:18:58 PM","olwnaIYCZEepBsBV75zXoG1rkel6pnZPijM5l-i64B-LFmcRYXgmRYdilOmAxoJ2","1167168b-7861-4526-8762-94e980c68276","e9916b6d-a67a-4f76-8a33-3997e8bae01f"," openid email profile User.Read","1/1/0001 12:00:00 AM"
"68275ca2-0286-4764-a906-c055ef9cd7a0","Principal","4/11/2022 7:00:49 PM","olwnaIYCZEepBsBV75zXoG1rkel6pnZPijM5l-i64B-srBVkli-sQY9_SIDhKR2B","6415acac-2f96-41ac-8f7f-4880e1291d81","e9916b6d-a67a-4f76-8a33-3997e8bae01f"," openid email profile User.Read","1/1/0001 12:00:00 AM"
"68275ca2-0286-4764-a906-c055ef9cd7a0","Principal","4/11/2022 1:45:09 PM","olwnaIYCZEepBsBV75zXoG1rkel6pnZPijM5l-i64B8Y6IXceCxJRJA6zDgDzNHX","dc85e818-2c78-4449-903a-cc3803ccd1d7","e9916b6d-a67a-4f76-8a33-3997e8bae01f"," openid email profile User.Read","1/1/0001 12:00:00 AM"
"68275ca2-0286-4764-a906-c055ef9cd7a0","Principal","5/8/2022 9:06:44 PM","olwnaIYCZEepBsBV75zXoG1rkel6pnZPijM5l-i64B93eN7hJDfpTYVr5OqO_sbs","e1de7877-3724-4de9-856b-e4ea8efec6ec","e9916b6d-a67a-4f76-8a33-3997e8bae01f"," openid email profile User.Read","1/1/0001 12:00:00 AM"
"dc7f774c-b416-4b77-9c56-c2e015c6d2d6","Principal","7/4/2022 9:22:30 PM","THd_3Ba0d0ucVsLgFcbS1m1rkel6pnZPijM5l-i64B9yV0l2jrVaQbuBXWpKJbc5","76495772-b58e-415a-bb81-5d6a4a25b739","e9916b6d-a67a-4f76-8a33-3997e8bae01f"," profile email openid User.Read","1/1/0001 12:00:00 AM"
"dc7f774c-b416-4b77-9c56-c2e015c6d2d6","Principal","6/13/2022 6:40:15 PM","THd_3Ba0d0ucVsLgFcbS1m1rkel6pnZPijM5l-i64B-1-ok2mxhTTIiYF98wK9-y","3689fab5-189b-4c53-8898-17df302bdfb2","e9916b6d-a67a-4f76-8a33-3997e8bae01f"," profile email openid User.Read","1/1/0001 12:00:00 AM"
"dc7f774c-b416-4b77-9c56-c2e015c6d2d6","Principal","2/16/2022 12:32:31 PM","THd_3Ba0d0ucVsLgFcbS1m1rkel6pnZPijM5l-i64B9BTbXc6Q2GTISPixG9H8cu","dcb54d41-0de9-4c86-848f-8b11bd1fc72e","e9916b6d-a67a-4f76-8a33-3997e8bae01f"," profile email openid User.Read","1/1/0001 12:00:00 AM"
"dc7f774c-b416-4b77-9c56-c2e015c6d2d6","Principal","4/10/2022 4:31:49 PM","THd_3Ba0d0ucVsLgFcbS1m1rkel6pnZPijM5l-i64B8Y6IXceCxJRJA6zDgDzNHX","dc85e818-2c78-4449-903a-cc3803ccd1d7","e9916b6d-a67a-4f76-8a33-3997e8bae01f"," profile email openid User.Read","1/1/0001 12:00:00 AM"
"dc7f774c-b416-4b77-9c56-c2e015c6d2d6","Principal","4/24/2022 3:46:48 PM","THd_3Ba0d0ucVsLgFcbS1m1rkel6pnZPijM5l-i64B--LOqZYch2SZC00kh9HcG1","99ea2cbe-c861-4976-90b4-d2487d1dc1b5","e9916b6d-a67a-4f76-8a33-3997e8bae01f"," profile email openid User.Read","1/1/0001 12:00:00 AM"
"97b483ec-0d1f-409b-bcd4-1317a633ca45","Principal","2/16/2022 3:07:54 PM","7IO0lx8Nm0C81BMXpjPKRW1rkel6pnZPijM5l-i64B-rZ0RVOCXgT7S88M-4_tzA","554467ab-2538-4fe0-b4bc-f0cfb8fedcc0","e9916b6d-a67a-4f76-8a33-3997e8bae01f"," openid profile email","1/1/0001 12:00:00 AM"
"2a7ea78b-147e-43d5-8f65-b920a1088b96","AllPrincipals","2/16/2022 3:13:45 PM","i6d-Kn4U1UOPZbkgoQiLlg1MWvG5IFlLjpcepoZ9ztA",,"f15a4c0d-20b9-4b59-8e97-1ea6867dced0","User.Read","1/1/0001 12:00:00 AM"
"2a7ea78b-147e-43d5-8f65-b920a1088b96","AllPrincipals","2/16/2022 3:13:45 PM","i6d-Kn4U1UOPZbkgoQiLlm1rkel6pnZPijM5l-i64B8",,"e9916b6d-a67a-4f76-8a33-3997e8bae01f","User.Read","1/1/0001 12:00:00 AM"
"99ba4c06-5d39-48d2-8033-392f775bce71","Principal","3/7/2022 2:00:50 PM","Bky6mTld0kiAMzkvd1vOcW1rkel6pnZPijM5l-i64B-rZ0RVOCXgT7S88M-4_tzA","554467ab-2538-4fe0-b4bc-f0cfb8fedcc0","e9916b6d-a67a-4f76-8a33-3997e8bae01f"," EAS.AccessAsUser.All IMAP.AccessAsUser.All POP.AccessAsUser.All SMTP.Send User.Read offline_access openid profile","1/1/0001 12:00:00 AM"
"99ba4c06-5d39-48d2-8033-392f775bce71","Principal","3/8/2022 7:29:21 PM","Bky6mTld0kiAMzkvd1vOcW1rkel6pnZPijM5l-i64B_y0Mn3NX-vQLZ_iDVGuxNH","f7c9d0f2-7f35-40af-b67f-883546bb1347","e9916b6d-a67a-4f76-8a33-3997e8bae01f"," EAS.AccessAsUser.All IMAP.AccessAsUser.All POP.AccessAsUser.All SMTP.Send User.Read offline_access openid profile","1/1/0001 12:00:00 AM"
"99ba4c06-5d39-48d2-8033-392f775bce71","Principal","3/14/2022 1:03:39 PM","Bky6mTld0kiAMzkvd1vOcW1rkel6pnZPijM5l-i64B8zfwWWPOHkRI81lx0Ccc5h","96057f33-e13c-44e4-8f35-971d0271ce61","e9916b6d-a67a-4f76-8a33-3997e8bae01f"," EAS.AccessAsUser.All IMAP.AccessAsUser.All POP.AccessAsUser.All SMTP.Send User.Read offline_access openid profile","1/1/0001 12:00:00 AM"
"d44b4f5c-70fe-4197-a676-7045b3a159ee","AllPrincipals","3/13/2022 12:34:10 AM","XE9L1P5wl0GmdnBFs6FZ7m1rkel6pnZPijM5l-i64B8",,"e9916b6d-a67a-4f76-8a33-3997e8bae01f"," offline_access EAS.AccessAsUser.All","1/1/0001 12:00:00 AM"
"639a81f0-e76e-4c50-8f49-97572d02c833","Principal","3/14/2022 12:06:26 PM","8IGaY27nUEyPSZdXLQLIM21rkel6pnZPijM5l-i64B91uBSJeMwrRZy_ejQMilD4","8914b875-cc78-452b-9cbf-7a340c8a50f8","e9916b6d-a67a-4f76-8a33-3997e8bae01f"," People.Read Contacts.Read Calendars.Read.Shared User.Read Calendars.ReadWrite Calendars.ReadWrite.Shared offline_access","1/1/0001 12:00:00 AM"
"7e17adb2-680f-4df7-9df4-e1c93de160bb","AllPrincipals","3/20/2022 8:47:57 PM","sq0Xfg9o902d9OHJPeFgu21rkel6pnZPijM5l-i64B8",,"e9916b6d-a67a-4f76-8a33-3997e8bae01f","User.Read","1/1/0001 12:00:00 AM"
"5148eabe-8f21-4a91-bae3-593c8d93e5b0","Principal","4/16/2022 7:03:20 PM","vupIUSGPkUq641k8jZPlsG1rkel6pnZPijM5l-i64B-rZ0RVOCXgT7S88M-4_tzA","554467ab-2538-4fe0-b4bc-f0cfb8fedcc0","e9916b6d-a67a-4f76-8a33-3997e8bae01f"," Calendars.Read Calendars.Read.Shared Calendars.ReadWrite Calendars.ReadWrite.Shared User.Read offline_access","1/1/0001 12:00:00 AM"
"5148eabe-8f21-4a91-bae3-593c8d93e5b0","Principal","3/29/2022 1:09:46 PM","vupIUSGPkUq641k8jZPlsG1rkel6pnZPijM5l-i64B-vN-ZrtcjMQql9k_VX7cMF","6be637af-c8b5-42cc-a97d-93f557edc305","e9916b6d-a67a-4f76-8a33-3997e8bae01f"," Calendars.Read Calendars.Read.Shared Calendars.ReadWrite Calendars.ReadWrite.Shared User.Read offline_access","1/1/0001 12:00:00 AM"
"5148eabe-8f21-4a91-bae3-593c8d93e5b0","Principal","4/18/2022 11:58:40 AM","vupIUSGPkUq641k8jZPlsG1rkel6pnZPijM5l-i64B-LFmcRYXgmRYdilOmAxoJ2","1167168b-7861-4526-8762-94e980c68276","e9916b6d-a67a-4f76-8a33-3997e8bae01f"," Calendars.Read Calendars.Read.Shared Calendars.ReadWrite Calendars.ReadWrite.Shared User.Read offline_access","1/1/0001 12:00:00 AM"
"5148eabe-8f21-4a91-bae3-593c8d93e5b0","Principal","3/21/2022 5:15:59 PM","vupIUSGPkUq641k8jZPlsG1rkel6pnZPijM5l-i64B-bOopMaWFNQbIB_eerbUXl","4c8a3a9b-6169-414d-b201-fde7ab6d45e5","e9916b6d-a67a-4f76-8a33-3997e8bae01f"," Calendars.Read Calendars.Read.Shared Calendars.ReadWrite Calendars.ReadWrite.Shared User.Read offline_access","1/1/0001 12:00:00 AM"
"5148eabe-8f21-4a91-bae3-593c8d93e5b0","Principal","3/21/2022 5:04:55 PM","vupIUSGPkUq641k8jZPlsG1rkel6pnZPijM5l-i64B_y0Mn3NX-vQLZ_iDVGuxNH","f7c9d0f2-7f35-40af-b67f-883546bb1347","e9916b6d-a67a-4f76-8a33-3997e8bae01f"," Calendars.Read Calendars.Read.Shared Calendars.ReadWrite Calendars.ReadWrite.Shared User.Read offline_access","1/1/0001 12:00:00 AM"
"5148eabe-8f21-4a91-bae3-593c8d93e5b0","Principal","6/13/2022 12:55:09 PM","vupIUSGPkUq641k8jZPlsG1rkel6pnZPijM5l-i64B9yV0l2jrVaQbuBXWpKJbc5","76495772-b58e-415a-bb81-5d6a4a25b739","e9916b6d-a67a-4f76-8a33-3997e8bae01f"," Calendars.Read Calendars.Read.Shared Calendars.ReadWrite Calendars.ReadWrite.Shared User.Read offline_access","1/1/0001 12:00:00 AM"
"5148eabe-8f21-4a91-bae3-593c8d93e5b0","Principal","4/3/2022 2:11:59 PM","vupIUSGPkUq641k8jZPlsG1rkel6pnZPijM5l-i64B-1-ok2mxhTTIiYF98wK9-y","3689fab5-189b-4c53-8898-17df302bdfb2","e9916b6d-a67a-4f76-8a33-3997e8bae01f"," Calendars.Read Calendars.Read.Shared Calendars.ReadWrite Calendars.ReadWrite.Shared User.Read offline_access","1/1/0001 12:00:00 AM"
"5148eabe-8f21-4a91-bae3-593c8d93e5b0","Principal","3/23/2022 7:17:23 PM","vupIUSGPkUq641k8jZPlsG1rkel6pnZPijM5l-i64B9jK2uHuoiiQIQfrtdtfgyl","876b2b63-88ba-40a2-841f-aed76d7e0ca5","e9916b6d-a67a-4f76-8a33-3997e8bae01f"," Calendars.Read Calendars.Read.Shared Calendars.ReadWrite Calendars.ReadWrite.Shared User.Read offline_access","1/1/0001 12:00:00 AM"
"5148eabe-8f21-4a91-bae3-593c8d93e5b0","Principal","5/3/2022 7:04:05 PM","vupIUSGPkUq641k8jZPlsG1rkel6pnZPijM5l-i64B-OYNAyUGHpRYETgqEiC0K6","32d0608e-6150-45e9-8113-82a1220b42ba","e9916b6d-a67a-4f76-8a33-3997e8bae01f"," Calendars.Read Calendars.Read.Shared Calendars.ReadWrite Calendars.ReadWrite.Shared User.Read offline_access","1/1/0001 12:00:00 AM"
"04b6d5e7-e113-4882-aa46-d114625b4b29","AllPrincipals","3/21/2022 5:49:02 PM","59W2BBPhgkiqRtEUYltLKW1rkel6pnZPijM5l-i64B8",,"e9916b6d-a67a-4f76-8a33-3997e8bae01f","User.Read","1/1/0001 12:00:00 AM"
"dd3ae54c-b834-4f50-89c9-a8205ff84402","AllPrincipals","3/27/2022 10:25:34 PM","TOU63TS4UE-JyaggX_hEAm1rkel6pnZPijM5l-i64B8",,"e9916b6d-a67a-4f76-8a33-3997e8bae01f","email profile SecurityEvents.Read.All SecurityEvents.ReadWrite.All ThreatIndicators.Read.All ThreatIndicators.ReadWrite.OwnedBy User.Read User.ReadBasic.All","1/1/0001 12:00:00 AM"
"12707b36-f3a9-4b57-bba1-197356810750","Principal","7/4/2022 9:41:47 PM","NntwEqnzV0u7oRlzVoEHUA1MWvG5IFlLjpcepoZ9ztCb6-XMN206TY4-3-zDnBTw","cce5eb9b-6d37-4d3a-8e3e-dfecc39c14f0","f15a4c0d-20b9-4b59-8e97-1ea6867dced0","User.Read","1/1/0001 12:00:00 AM"
"12707b36-f3a9-4b57-bba1-197356810750","Principal","4/13/2022 8:06:58 PM","NntwEqnzV0u7oRlzVoEHUA1MWvG5IFlLjpcepoZ9ztBrQw-U90JmTZJtti3sz9Im","940f436b-42f7-4d66-926d-b62deccfd226","f15a4c0d-20b9-4b59-8e97-1ea6867dced0","User.Read","1/1/0001 12:00:00 AM"
"12707b36-f3a9-4b57-bba1-197356810750","Principal","4/10/2022 10:04:13 PM","NntwEqnzV0u7oRlzVoEHUA1MWvG5IFlLjpcepoZ9ztD6D_sWfZcHSbys_yROF0pN","16fb0ffa-977d-4907-bcac-ff244e174a4d","f15a4c0d-20b9-4b59-8e97-1ea6867dced0","User.Read","1/1/0001 12:00:00 AM"
"12707b36-f3a9-4b57-bba1-197356810750","Principal","3/29/2022 5:04:24 PM","NntwEqnzV0u7oRlzVoEHUA1MWvG5IFlLjpcepoZ9ztC-VG00Q0ztTL2WpC64BT6q","346d54be-4c43-4ced-bd96-a42eb8053eaa","f15a4c0d-20b9-4b59-8e97-1ea6867dced0","User.Read","1/1/0001 12:00:00 AM"
"12707b36-f3a9-4b57-bba1-197356810750","Principal","5/4/2022 4:42:26 PM","NntwEqnzV0u7oRlzVoEHUA1MWvG5IFlLjpcepoZ9ztCBy1batu8_Sq4DSkx0qSkU","da56cb81-efb6-4a3f-ae03-4a4c74a92914","f15a4c0d-20b9-4b59-8e97-1ea6867dced0","User.Read","1/1/0001 12:00:00 AM"
"12707b36-f3a9-4b57-bba1-197356810750","Principal","4/11/2022 6:49:36 PM","NntwEqnzV0u7oRlzVoEHUA1MWvG5IFlLjpcepoZ9ztBbDEEJ5uEsQZ1OLAQb5bjW","09410c5b-e1e6-412c-9d4e-2c041be5b8d6","f15a4c0d-20b9-4b59-8e97-1ea6867dced0","User.Read","1/1/0001 12:00:00 AM"
"12707b36-f3a9-4b57-bba1-197356810750","Principal","4/2/2022 5:43:43 PM","NntwEqnzV0u7oRlzVoEHUA1MWvG5IFlLjpcepoZ9ztAEBYnjt8-JRpCFkQX74c61","e3890504-cfb7-4689-9085-9105fbe1ceb5","f15a4c0d-20b9-4b59-8e97-1ea6867dced0","User.Read","1/1/0001 12:00:00 AM"
"12707b36-f3a9-4b57-bba1-197356810750","Principal","4/2/2022 11:24:53 PM","NntwEqnzV0u7oRlzVoEHUA1MWvG5IFlLjpcepoZ9ztAY6IXceCxJRJA6zDgDzNHX","dc85e818-2c78-4449-903a-cc3803ccd1d7","f15a4c0d-20b9-4b59-8e97-1ea6867dced0","User.Read","1/1/0001 12:00:00 AM"
"12707b36-f3a9-4b57-bba1-197356810750","Principal","4/16/2022 3:16:04 PM","NntwEqnzV0u7oRlzVoEHUA1MWvG5IFlLjpcepoZ9ztACyHAox_yAS7iA-kW9YDjO","2870c802-fcc7-4b80-b880-fa45bd6038ce","f15a4c0d-20b9-4b59-8e97-1ea6867dced0","User.Read","1/1/0001 12:00:00 AM"
"12707b36-f3a9-4b57-bba1-197356810750","Principal","4/24/2022 2:57:50 PM","NntwEqnzV0u7oRlzVoEHUA1MWvG5IFlLjpcepoZ9ztCOYNAyUGHpRYETgqEiC0K6","32d0608e-6150-45e9-8113-82a1220b42ba","f15a4c0d-20b9-4b59-8e97-1ea6867dced0","User.Read","1/1/0001 12:00:00 AM"
"12707b36-f3a9-4b57-bba1-197356810750","Principal","7/2/2022 5:07:47 PM","NntwEqnzV0u7oRlzVoEHUA1MWvG5IFlLjpcepoZ9ztDuVGlAujGgSZZX0PogOj6Y","406954ee-31ba-49a0-9657-d0fa203a3e98","f15a4c0d-20b9-4b59-8e97-1ea6867dced0","User.Read","1/1/0001 12:00:00 AM"
"12707b36-f3a9-4b57-bba1-197356810750","Principal","7/4/2022 8:27:00 PM","NntwEqnzV0u7oRlzVoEHUA1MWvG5IFlLjpcepoZ9ztDhEayqUQa6SZvyopC5Bq6G","aaac11e1-0651-49ba-9bf2-a290b906ae86","f15a4c0d-20b9-4b59-8e97-1ea6867dced0","User.Read","1/1/0001 12:00:00 AM"
"12707b36-f3a9-4b57-bba1-197356810750","Principal","7/23/2022 5:09:08 PM","NntwEqnzV0u7oRlzVoEHUA1MWvG5IFlLjpcepoZ9ztBus7KWcsfGQrN4ilxnWDhr","96b2b36e-c772-42c6-b378-8a5c6758386b","f15a4c0d-20b9-4b59-8e97-1ea6867dced0","User.Read","1/1/0001 12:00:00 AM"
"12707b36-f3a9-4b57-bba1-197356810750","Principal","7/4/2022 9:41:47 PM","NntwEqnzV0u7oRlzVoEHUB8V7ihCxNhJmzE87DSQwEib6-XMN206TY4-3-zDnBTw","cce5eb9b-6d37-4d3a-8e3e-dfecc39c14f0","28ee151f-c442-49d8-9b31-3cec3490c048","Calendars.Read Calendars.ReadWrite","1/1/0001 12:00:00 AM"
"12707b36-f3a9-4b57-bba1-197356810750","Principal","4/13/2022 8:06:58 PM","NntwEqnzV0u7oRlzVoEHUB8V7ihCxNhJmzE87DSQwEhrQw-U90JmTZJtti3sz9Im","940f436b-42f7-4d66-926d-b62deccfd226","28ee151f-c442-49d8-9b31-3cec3490c048","Calendars.Read Calendars.ReadWrite","1/1/0001 12:00:00 AM"
"12707b36-f3a9-4b57-bba1-197356810750","Principal","4/10/2022 10:04:13 PM","NntwEqnzV0u7oRlzVoEHUB8V7ihCxNhJmzE87DSQwEj6D_sWfZcHSbys_yROF0pN","16fb0ffa-977d-4907-bcac-ff244e174a4d","28ee151f-c442-49d8-9b31-3cec3490c048","Calendars.Read Calendars.ReadWrite","1/1/0001 12:00:00 AM"
"12707b36-f3a9-4b57-bba1-197356810750","Principal","3/29/2022 5:04:24 PM","NntwEqnzV0u7oRlzVoEHUB8V7ihCxNhJmzE87DSQwEi-VG00Q0ztTL2WpC64BT6q","346d54be-4c43-4ced-bd96-a42eb8053eaa","28ee151f-c442-49d8-9b31-3cec3490c048","Calendars.Read Calendars.ReadWrite","1/1/0001 12:00:00 AM"
"12707b36-f3a9-4b57-bba1-197356810750","Principal","5/4/2022 4:42:26 PM","NntwEqnzV0u7oRlzVoEHUB8V7ihCxNhJmzE87DSQwEiBy1batu8_Sq4DSkx0qSkU","da56cb81-efb6-4a3f-ae03-4a4c74a92914","28ee151f-c442-49d8-9b31-3cec3490c048","Calendars.Read Calendars.ReadWrite","1/1/0001 12:00:00 AM"
"12707b36-f3a9-4b57-bba1-197356810750","Principal","4/11/2022 6:49:36 PM","NntwEqnzV0u7oRlzVoEHUB8V7ihCxNhJmzE87DSQwEhbDEEJ5uEsQZ1OLAQb5bjW","09410c5b-e1e6-412c-9d4e-2c041be5b8d6","28ee151f-c442-49d8-9b31-3cec3490c048","Calendars.Read Calendars.ReadWrite","1/1/0001 12:00:00 AM"
"12707b36-f3a9-4b57-bba1-197356810750","Principal","4/2/2022 5:43:43 PM","NntwEqnzV0u7oRlzVoEHUB8V7ihCxNhJmzE87DSQwEgEBYnjt8-JRpCFkQX74c61","e3890504-cfb7-4689-9085-9105fbe1ceb5","28ee151f-c442-49d8-9b31-3cec3490c048","Calendars.Read Calendars.ReadWrite","1/1/0001 12:00:00 AM"
"12707b36-f3a9-4b57-bba1-197356810750","Principal","4/2/2022 11:24:53 PM","NntwEqnzV0u7oRlzVoEHUB8V7ihCxNhJmzE87DSQwEgY6IXceCxJRJA6zDgDzNHX","dc85e818-2c78-4449-903a-cc3803ccd1d7","28ee151f-c442-49d8-9b31-3cec3490c048","Calendars.Read Calendars.ReadWrite","1/1/0001 12:00:00 AM"
"12707b36-f3a9-4b57-bba1-197356810750","Principal","4/16/2022 3:16:04 PM","NntwEqnzV0u7oRlzVoEHUB8V7ihCxNhJmzE87DSQwEgCyHAox_yAS7iA-kW9YDjO","2870c802-fcc7-4b80-b880-fa45bd6038ce","28ee151f-c442-49d8-9b31-3cec3490c048","Calendars.Read Calendars.ReadWrite","1/1/0001 12:00:00 AM"
"12707b36-f3a9-4b57-bba1-197356810750","Principal","4/24/2022 2:57:50 PM","NntwEqnzV0u7oRlzVoEHUB8V7ihCxNhJmzE87DSQwEiOYNAyUGHpRYETgqEiC0K6","32d0608e-6150-45e9-8113-82a1220b42ba","28ee151f-c442-49d8-9b31-3cec3490c048","Calendars.Read Calendars.ReadWrite","1/1/0001 12:00:00 AM"
"12707b36-f3a9-4b57-bba1-197356810750","Principal","7/2/2022 5:07:47 PM","NntwEqnzV0u7oRlzVoEHUB8V7ihCxNhJmzE87DSQwEjuVGlAujGgSZZX0PogOj6Y","406954ee-31ba-49a0-9657-d0fa203a3e98","28ee151f-c442-49d8-9b31-3cec3490c048","Calendars.Read Calendars.ReadWrite","1/1/0001 12:00:00 AM"
"12707b36-f3a9-4b57-bba1-197356810750","Principal","7/4/2022 8:27:00 PM","NntwEqnzV0u7oRlzVoEHUB8V7ihCxNhJmzE87DSQwEjhEayqUQa6SZvyopC5Bq6G","aaac11e1-0651-49ba-9bf2-a290b906ae86","28ee151f-c442-49d8-9b31-3cec3490c048","Calendars.Read Calendars.ReadWrite","1/1/0001 12:00:00 AM"
"12707b36-f3a9-4b57-bba1-197356810750","Principal","7/23/2022 5:09:08 PM","NntwEqnzV0u7oRlzVoEHUB8V7ihCxNhJmzE87DSQwEhus7KWcsfGQrN4ilxnWDhr","96b2b36e-c772-42c6-b378-8a5c6758386b","28ee151f-c442-49d8-9b31-3cec3490c048","Calendars.Read Calendars.ReadWrite","1/1/0001 12:00:00 AM"
"7aa7c871-b462-4255-a20f-b47434424725","AllPrincipals","4/16/2022 3:23:14 PM","ccinemK0VUKiD7R0NEJHJQ1MWvG5IFlLjpcepoZ9ztA",,"f15a4c0d-20b9-4b59-8e97-1ea6867dced0","User.Read","1/1/0001 12:00:00 AM"
"0c5b4e0d-f4ca-4e8c-b6d9-edaf32fe9938","AllPrincipals","3/30/2022 6:27:48 PM","DU5bDMr0jE622e2vMv6ZOA1MWvG5IFlLjpcepoZ9ztA",,"f15a4c0d-20b9-4b59-8e97-1ea6867dced0","User.Read","1/1/0001 12:00:00 AM"
"0c5b4e0d-f4ca-4e8c-b6d9-edaf32fe9938","AllPrincipals","3/30/2022 6:27:48 PM","DU5bDMr0jE622e2vMv6ZODwp7Q4iCIpMgNhIHKQFjoQ",,"0eed293c-0822-4c8a-80d8-481ca4058e84","RemediationTasks.Read Vulnerability.Read Software.Read SecurityRecommendation.Read AdvancedQuery.Read Machine.Read Machine.ReadWrite Machine.Isolate Machine.CollectForensics Machine.Scan Machine.RestrictExecution Machine.StopAndQuarantine Machine.Offboard File.Read.All Url.Read.All Ip.Read.All User.Read.All Alert.ReadWrite Alert.Read Machine.LiveResponse","1/1/0001 12:00:00 AM"
"dd849633-4986-4d88-af06-018b20c74b3c","Principal","4/2/2022 3:25:13 PM","M5aE3YZJiE2vBgGLIMdLPG1rkel6pnZPijM5l-i64B_y0Mn3NX-vQLZ_iDVGuxNH","f7c9d0f2-7f35-40af-b67f-883546bb1347","e9916b6d-a67a-4f76-8a33-3997e8bae01f"," offline_access User.Read Files.Read.All Files.ReadWrite.All","1/1/0001 12:00:00 AM"
"397443a0-7c06-4cc2-9df6-bd6fad1ccdd9","Principal","4/3/2022 11:25:09 AM","oEN0OQZ8wkyd9r1vrRzN2Q1MWvG5IFlLjpcepoZ9ztAY6IXceCxJRJA6zDgDzNHX","dc85e818-2c78-4449-903a-cc3803ccd1d7","f15a4c0d-20b9-4b59-8e97-1ea6867dced0","User.ReadBasic.All User.Read","1/1/0001 12:00:00 AM"
"f278a75a-ddc8-4d60-a194-ab76121ea743","AllPrincipals","4/3/2022 9:17:43 PM","Wqd48sjdYE2hlKt2Eh6nQ21rkel6pnZPijM5l-i64B8",,"e9916b6d-a67a-4f76-8a33-3997e8bae01f","User.Read","1/1/0001 12:00:00 AM"
"4610fa72-ca82-4c70-9de1-42d2d0f32126","AllPrincipals","4/3/2022 10:24:53 PM","cvoQRoLKcEyd4ULS0PMhJm1rkel6pnZPijM5l-i64B8",,"e9916b6d-a67a-4f76-8a33-3997e8bae01f","User.Read","1/1/0001 12:00:00 AM"
"6c7c2838-03f2-4aeb-8bd6-30978e2c1057","AllPrincipals","4/5/2022 1:03:04 AM","OCh8bPID60qL1jCXjiwQV21rkel6pnZPijM5l-i64B8",,"e9916b6d-a67a-4f76-8a33-3997e8bae01f","User.Read","1/1/0001 12:00:00 AM"
"410f4124-f9cb-4d38-ba94-d817263433c0","Principal","4/5/2022 2:34:44 AM","JEEPQcv5OE26lNgXJjQzwG1rkel6pnZPijM5l-i64B9NRs5cBTJvQ41-_JDEeZAD","5cce464d-3205-436f-8d7e-fc90c4799003","e9916b6d-a67a-4f76-8a33-3997e8bae01f"," User.Read MailboxSettings.Read openid profile Tasks.ReadWrite offline_access","1/1/0001 12:00:00 AM"
"a3e6e0e7-9362-4e53-bc04-ebe70c00b88e","AllPrincipals","4/5/2022 6:25:04 PM","5-Dmo2KTU068BOvnDAC4jm1rkel6pnZPijM5l-i64B8",,"e9916b6d-a67a-4f76-8a33-3997e8bae01f"," openid offline_access User.Read","1/1/0001 12:00:00 AM"
"75090772-52ec-4b77-bded-79d8ec76ee6e","Principal","4/6/2022 12:43:58 AM","cgcJdexSd0u97XnY7Hbubm1rkel6pnZPijM5l-i64B-bOopMaWFNQbIB_eerbUXl","4c8a3a9b-6169-414d-b201-fde7ab6d45e5","e9916b6d-a67a-4f76-8a33-3997e8bae01f"," offline_access openid Calendars.ReadWrite Contacts.ReadWrite","1/1/0001 12:00:00 AM"
"98857dc1-3900-4c15-8700-b0968faf09e3","Principal","4/6/2022 12:03:26 PM","wX2FmAA5FUyHALCWj68J421rkel6pnZPijM5l-i64B-LFmcRYXgmRYdilOmAxoJ2","1167168b-7861-4526-8762-94e980c68276","e9916b6d-a67a-4f76-8a33-3997e8bae01f","User.Read People.Read Calendars.Read","1/1/0001 12:00:00 AM"
"98857dc1-3900-4c15-8700-b0968faf09e3","Principal","4/19/2022 6:39:49 PM","wX2FmAA5FUyHALCWj68J421rkel6pnZPijM5l-i64B-bOopMaWFNQbIB_eerbUXl","4c8a3a9b-6169-414d-b201-fde7ab6d45e5","e9916b6d-a67a-4f76-8a33-3997e8bae01f","User.Read People.Read Calendars.Read","1/1/0001 12:00:00 AM"
"98857dc1-3900-4c15-8700-b0968faf09e3","Principal","4/6/2022 1:07:49 PM","wX2FmAA5FUyHALCWj68J421rkel6pnZPijM5l-i64B-TmLqVjrdYRYykGy5SkOs5","95ba9893-b78e-4558-8ca4-1b2e5290eb39","e9916b6d-a67a-4f76-8a33-3997e8bae01f","User.Read People.Read Calendars.Read","1/1/0001 12:00:00 AM"
"c8521ec7-b358-49ee-9ef1-f3145416c387","Principal","5/1/2022 8:36:38 PM","xx5SyFiz7kme8fMUVBbDh21rkel6pnZPijM5l-i64B-bOopMaWFNQbIB_eerbUXl","4c8a3a9b-6169-414d-b201-fde7ab6d45e5","e9916b6d-a67a-4f76-8a33-3997e8bae01f"," offline_access User.Read OnlineMeetings.ReadWrite","1/1/0001 12:00:00 AM"
"c8521ec7-b358-49ee-9ef1-f3145416c387","Principal","4/6/2022 2:12:00 PM","xx5SyFiz7kme8fMUVBbDh21rkel6pnZPijM5l-i64B-jGpS5i2JGTbluSHCcEMZX","b9941aa3-628b-4d46-b96e-48709c10c657","e9916b6d-a67a-4f76-8a33-3997e8bae01f"," offline_access User.Read OnlineMeetings.ReadWrite","1/1/0001 12:00:00 AM"
"b956f1b2-ffe4-4631-a861-d106eab01389","Principal","4/12/2022 3:28:06 PM","svFWueT_MUaoYdEG6rATiW1rkel6pnZPijM5l-i64B--VG00Q0ztTL2WpC64BT6q","346d54be-4c43-4ced-bd96-a42eb8053eaa","e9916b6d-a67a-4f76-8a33-3997e8bae01f"," offline_access Mail.ReadWrite Mail.Send Calendars.ReadWrite Calendars.Read","1/1/0001 12:00:00 AM"
"b956f1b2-ffe4-4631-a861-d106eab01389","Principal","5/3/2022 7:00:00 PM","svFWueT_MUaoYdEG6rATiW1rkel6pnZPijM5l-i64B93RK8bW1RfS5N8_h5fxCRU","1baf4477-545b-4b5f-937c-fe1e5fc42454","e9916b6d-a67a-4f76-8a33-3997e8bae01f"," offline_access Mail.ReadWrite Mail.Send Calendars.ReadWrite Calendars.Read","1/1/0001 12:00:00 AM"
"b956f1b2-ffe4-4631-a861-d106eab01389","Principal","4/30/2022 2:57:32 PM","svFWueT_MUaoYdEG6rATiW1rkel6pnZPijM5l-i64B-By1batu8_Sq4DSkx0qSkU","da56cb81-efb6-4a3f-ae03-4a4c74a92914","e9916b6d-a67a-4f76-8a33-3997e8bae01f"," offline_access Mail.ReadWrite Mail.Send Calendars.ReadWrite Calendars.Read","1/1/0001 12:00:00 AM"
"b956f1b2-ffe4-4631-a861-d106eab01389","Principal","4/6/2022 7:45:48 PM","svFWueT_MUaoYdEG6rATiW1rkel6pnZPijM5l-i64B9fkGF10WE8Rq7x8CUhXDiL","7561905f-61d1-463c-aef1-f025215c388b","e9916b6d-a67a-4f76-8a33-3997e8bae01f"," offline_access Mail.ReadWrite Mail.Send Calendars.ReadWrite Calendars.Read","1/1/0001 12:00:00 AM"
"b956f1b2-ffe4-4631-a861-d106eab01389","Principal","4/6/2022 6:27:30 PM","svFWueT_MUaoYdEG6rATiW1rkel6pnZPijM5l-i64B8zfwWWPOHkRI81lx0Ccc5h","96057f33-e13c-44e4-8f35-971d0271ce61","e9916b6d-a67a-4f76-8a33-3997e8bae01f"," offline_access Mail.ReadWrite Mail.Send Calendars.ReadWrite Calendars.Read","1/1/0001 12:00:00 AM"
"7f1b5c53-e5a6-4af0-a385-4bd1271407c6","AllPrincipals","4/6/2022 9:26:26 PM","U1wbf6bl8EqjhUvRJxQHxh3nz3-A5GtHgNWt_AKQWz4",,"7fcfe71d-e480-476b-80d5-adfc02905b3e","user_impersonation","1/1/0001 12:00:00 AM"
"ab579896-d1f4-4466-9111-43ce8c411ad7","Principal","4/9/2022 4:52:36 PM","lphXq_TRZkSREUPOjEEa121rkel6pnZPijM5l-i64B9BTbXc6Q2GTISPixG9H8cu","dcb54d41-0de9-4c86-848f-8b11bd1fc72e","e9916b6d-a67a-4f76-8a33-3997e8bae01f"," User.Read openid profile","1/1/0001 12:00:00 AM"
"49dc18b6-0f5f-492d-a591-9b54cee96938","Principal","4/11/2022 1:52:22 PM","thjcSV8PLUmlkZtUzulpOG1rkel6pnZPijM5l-i64B91uBSJeMwrRZy_ejQMilD4","8914b875-cc78-452b-9cbf-7a340c8a50f8","e9916b6d-a67a-4f76-8a33-3997e8bae01f"," profile offline_access email openid","1/1/0001 12:00:00 AM"
"49dc18b6-0f5f-492d-a591-9b54cee96938","Principal","4/11/2022 7:21:23 PM","thjcSV8PLUmlkZtUzulpOG1rkel6pnZPijM5l-i64B-LFmcRYXgmRYdilOmAxoJ2","1167168b-7861-4526-8762-94e980c68276","e9916b6d-a67a-4f76-8a33-3997e8bae01f"," profile offline_access email openid","1/1/0001 12:00:00 AM"
"49dc18b6-0f5f-492d-a591-9b54cee96938","Principal","4/17/2022 2:14:26 PM","thjcSV8PLUmlkZtUzulpOG1rkel6pnZPijM5l-i64B-5RHfD5qxfR77a8zED5aBj","c37744b9-ace6-475f-beda-f33103e5a063","e9916b6d-a67a-4f76-8a33-3997e8bae01f"," profile offline_access email openid","1/1/0001 12:00:00 AM"
"49dc18b6-0f5f-492d-a591-9b54cee96938","Principal","4/11/2022 7:23:45 PM","thjcSV8PLUmlkZtUzulpOG1rkel6pnZPijM5l-i64B-By1batu8_Sq4DSkx0qSkU","da56cb81-efb6-4a3f-ae03-4a4c74a92914","e9916b6d-a67a-4f76-8a33-3997e8bae01f","email offline_access openid profile User.Read","1/1/0001 12:00:00 AM"
"49dc18b6-0f5f-492d-a591-9b54cee96938","Principal","4/11/2022 1:23:16 PM","thjcSV8PLUmlkZtUzulpOG1rkel6pnZPijM5l-i64B9bDEEJ5uEsQZ1OLAQb5bjW","09410c5b-e1e6-412c-9d4e-2c041be5b8d6","e9916b6d-a67a-4f76-8a33-3997e8bae01f"," profile offline_access email openid","1/1/0001 12:00:00 AM"
"0e634e97-9874-47d0-aad1-24633d4a76bd","AllPrincipals","4/11/2022 9:44:25 PM","l05jDnSY0Eeq0SRjPUp2vW1rkel6pnZPijM5l-i64B8",,"e9916b6d-a67a-4f76-8a33-3997e8bae01f"," Directory.Read.All openid profile offline_access Directory.ReadWrite.All Team.ReadBasic.All TeamSettings.ReadWrite.All TeamSettings.Read.All User.Read.All User.ReadWrite.All","1/1/0001 12:00:00 AM"
"0e634e97-9874-47d0-aad1-24633d4a76bd","Principal","4/11/2022 9:41:03 PM","l05jDnSY0Eeq0SRjPUp2vW1rkel6pnZPijM5l-i64B-kJhE_lBkfSbY1j0izcYki","3f1126a4-1994-491f-b635-8f48b3718922","e9916b6d-a67a-4f76-8a33-3997e8bae01f"," openid profile User.Read offline_access","1/1/0001 12:00:00 AM"
"fc2fe4f9-07d2-413e-8de1-66b628ec9f2e","Principal","4/12/2022 5:30:04 PM","-eQv_NIHPkGN4Wa2KOyfLm1rkel6pnZPijM5l-i64B-vN-ZrtcjMQql9k_VX7cMF","6be637af-c8b5-42cc-a97d-93f557edc305","e9916b6d-a67a-4f76-8a33-3997e8bae01f"," offline_access openid email profile EWS.AccessAsUser.All Calendars.ReadWrite","1/1/0001 12:00:00 AM"
"dca8937e-e6f8-41fe-8d6c-0e9f5f25d672","AllPrincipals","4/18/2022 2:19:24 AM","fpOo3Pjm_kGNbA6fXyXWcm1rkel6pnZPijM5l-i64B8",,"e9916b6d-a67a-4f76-8a33-3997e8bae01f","User.Read","1/1/0001 12:00:00 AM"
"dca8937e-e6f8-41fe-8d6c-0e9f5f25d672","AllPrincipals","4/18/2022 2:19:24 AM","fpOo3Pjm_kGNbA6fXyXWch8V7ihCxNhJmzE87DSQwEg",,"28ee151f-c442-49d8-9b31-3cec3490c048","EAS.AccessAsUser.All Exchange.Manage","1/1/0001 12:00:00 AM"
"71ceb632-3a8d-4bce-a38a-944befe50fd8","Principal","4/18/2022 2:13:27 PM","MrbOcY06zkujipRL7-UP2G1rkel6pnZPijM5l-i64B-b6-XMN206TY4-3-zDnBTw","cce5eb9b-6d37-4d3a-8e3e-dfecc39c14f0","e9916b6d-a67a-4f76-8a33-3997e8bae01f"," openid email","1/1/0001 12:00:00 AM"
"71ceb632-3a8d-4bce-a38a-944befe50fd8","Principal","4/23/2022 1:45:37 PM","MrbOcY06zkujipRL7-UP2G1rkel6pnZPijM5l-i64B9jK2uHuoiiQIQfrtdtfgyl","876b2b63-88ba-40a2-841f-aed76d7e0ca5","e9916b6d-a67a-4f76-8a33-3997e8bae01f"," openid email","1/1/0001 12:00:00 AM"
"25ab18cb-47af-4f5e-9bf2-8e4921c5cb8e","Principal","4/18/2022 3:40:18 PM","yxirJa9HXk-b8o5JIcXLjg1MWvG5IFlLjpcepoZ9ztAzfwWWPOHkRI81lx0Ccc5h","96057f33-e13c-44e4-8f35-971d0271ce61","f15a4c0d-20b9-4b59-8e97-1ea6867dced0","User.Read","1/1/0001 12:00:00 AM"
"5084e1a2-a283-4e06-8c00-af69829e5615","Principal","4/20/2022 1:25:18 PM","ouGEUIOiBk6MAK9pgp5WFW1rkel6pnZPijM5l-i64B9a9FWQn5ubTJ-p1muUYVA-","9055f45a-9b9f-4c9b-9fa9-d66b9461503e","e9916b6d-a67a-4f76-8a33-3997e8bae01f","email profile User.Read","1/1/0001 12:00:00 AM"
"e5308940-97c1-499f-854d-e6ae79a2a15e","Principal","4/20/2022 6:39:45 PM","QIkw5cGXn0mFTeaueaKhXm1rkel6pnZPijM5l-i64B-jGpS5i2JGTbluSHCcEMZX","b9941aa3-628b-4d46-b96e-48709c10c657","e9916b6d-a67a-4f76-8a33-3997e8bae01f","User.Read","1/1/0001 12:00:00 AM"
"d507bdf1-1cbc-42d1-bf9a-e57aa8a8c201","Principal","4/23/2022 1:11:46 AM","8b0H1bwc0UK_muV6qKjCAW1rkel6pnZPijM5l-i64B8VnwwsxxYPRKHx1TY_ih60","2c0c9f15-16c7-440f-a1f1-d5363f8a1eb4","e9916b6d-a67a-4f76-8a33-3997e8bae01f"," openid Calendars.ReadWrite","1/1/0001 12:00:00 AM"
"4a28f397-92f7-4951-90d9-fc11475fc875","AllPrincipals","12/31/9999 11:59:59 PM","l_MoSveSUUmQ2fwRR1_IdW1rkel6pnZPijM5l-i64B8",,"e9916b6d-a67a-4f76-8a33-3997e8bae01f","Directory.AccessAsUser.All","1/1/0001 12:00:00 AM"
"0ca051dc-7a46-497f-b179-68cdaf9952d5","Principal","5/8/2022 1:42:48 PM","3FGgDEZ6f0mxeWjNr5lS1W1rkel6pnZPijM5l-i64B9jK2uHuoiiQIQfrtdtfgyl","876b2b63-88ba-40a2-841f-aed76d7e0ca5","e9916b6d-a67a-4f76-8a33-3997e8bae01f"," openid profile email","1/1/0001 12:00:00 AM"
"2fba00a7-f4d4-4b58-b831-6e81bd0ed1c8","AllPrincipals","5/14/2022 7:38:41 PM","pwC6L9T0WEu4MW6BvQ7RyG1rkel6pnZPijM5l-i64B8",,"e9916b6d-a67a-4f76-8a33-3997e8bae01f","User.Read","1/1/0001 12:00:00 AM"
"899671a9-32ee-4368-bb72-456868aeaba2","Principal","5/17/2022 8:32:59 AM","qXGWie4yaEO7ckVoaK6rom1rkel6pnZPijM5l-i64B8VnwwsxxYPRKHx1TY_ih60","2c0c9f15-16c7-440f-a1f1-d5363f8a1eb4","e9916b6d-a67a-4f76-8a33-3997e8bae01f"," openid offline_access profile Files.ReadWrite.All Files.Read.All User.Read","1/1/0001 12:00:00 AM"
"a8ce8f02-21cc-4d99-84d1-22d3cb60befd","AllPrincipals","5/18/2022 3:17:15 AM","Ao_OqMwhmU2E0SLTy2C-_W1rkel6pnZPijM5l-i64B8",,"e9916b6d-a67a-4f76-8a33-3997e8bae01f","User.Read Directory.Read.All Directory.ReadWrite.All Directory.AccessAsUser.All Application.Read.All Application.ReadWrite.All","1/1/0001 12:00:00 AM"
"3b7af02f-4db6-463d-a890-df4677b1def4","AllPrincipals","6/2/2022 6:46:30 AM","L_B6O7ZNPUaokN9Gd7He9G1rkel6pnZPijM5l-i64B8",,"e9916b6d-a67a-4f76-8a33-3997e8bae01f","SecurityEvents.Read.All SecurityEvents.ReadWrite.All User.Read","1/1/0001 12:00:00 AM"
"4b097e25-fa20-4e41-9d8c-e461847e2e1a","AllPrincipals","6/4/2022 6:22:09 AM","JX4JSyD6QU6djORhhH4uGm1rkel6pnZPijM5l-i64B8",,"e9916b6d-a67a-4f76-8a33-3997e8bae01f","User.Read","1/1/0001 12:00:00 AM"
"7ad84cf6-849b-465a-859a-8d7e141310c2","Principal","6/5/2022 6:41:46 PM","9kzYepuEWkaFmo1-FBMQwg1MWvG5IFlLjpcepoZ9ztCrZ0RVOCXgT7S88M-4_tzA","554467ab-2538-4fe0-b4bc-f0cfb8fedcc0","f15a4c0d-20b9-4b59-8e97-1ea6867dced0","Directory.AccessAsUser.All","1/1/0001 12:00:00 AM"
"7ad84cf6-849b-465a-859a-8d7e141310c2","Principal","6/5/2022 6:41:46 PM","9kzYepuEWkaFmo1-FBMQwh3nz3-A5GtHgNWt_AKQWz6rZ0RVOCXgT7S88M-4_tzA","554467ab-2538-4fe0-b4bc-f0cfb8fedcc0","7fcfe71d-e480-476b-80d5-adfc02905b3e","user_impersonation","1/1/0001 12:00:00 AM"
"7ad84cf6-849b-465a-859a-8d7e141310c2","Principal","6/5/2022 6:41:46 PM","9kzYepuEWkaFmo1-FBMQwm1rkel6pnZPijM5l-i64B-rZ0RVOCXgT7S88M-4_tzA","554467ab-2538-4fe0-b4bc-f0cfb8fedcc0","e9916b6d-a67a-4f76-8a33-3997e8bae01f","Policy.Read.All AppCatalog.ReadWrite.All User.Invite.All Reports.Read.All Group.ReadWrite.All Directory.ReadWrite.All Directory.AccessAsUser.All Mail.ReadWrite Mail.Send IdentityProvider.ReadWrite.All ChannelMessage.Send TeamsApp.ReadWrite.All TeamsTab.ReadWrite.All ChannelSettings.ReadWrite.All TeamSettings.ReadWrite.All TeamMember.ReadWrite.All ChannelMember.ReadWrite.All ChannelMessage.Read.All TeamsAppInstallation.ReadWriteForUser Team.Create ServiceMessage.Read.All Tasks.ReadWrite","1/1/0001 12:00:00 AM"
"7ad84cf6-849b-465a-859a-8d7e141310c2","Principal","6/5/2022 6:41:46 PM","9kzYepuEWkaFmo1-FBMQwmaGtzVXpDRFvdERB26arQurZ0RVOCXgT7S88M-4_tzA","554467ab-2538-4fe0-b4bc-f0cfb8fedcc0","35b78666-a457-4534-bdd1-11076e9aad0b","ServiceHealth.Read ActivityFeed.Read","1/1/0001 12:00:00 AM"
"7ad84cf6-849b-465a-859a-8d7e141310c2","Principal","6/5/2022 6:41:46 PM","9kzYepuEWkaFmo1-FBMQwnlu4l00vWtMsKgx-hXJA0WrZ0RVOCXgT7S88M-4_tzA","554467ab-2538-4fe0-b4bc-f0cfb8fedcc0","5de26e79-bd34-4c6b-b0a8-31fa15c90345","TermStore.ReadWrite.All AllSites.FullControl User.ReadWrite.All","1/1/0001 12:00:00 AM"
"930deac5-8e0a-474b-ac3e-3eb227efcb18","Principal","6/8/2022 2:21:14 PM","xeoNkwqOS0esPj6yJ-_LGG1rkel6pnZPijM5l-i64B-pwPIRqsjDSqvGM_K0uO-g","11f2c0a9-c8aa-4ac3-abc6-33f2b4b8efa0","e9916b6d-a67a-4f76-8a33-3997e8bae01f"," offline_access Files.Read.All Files.ReadWrite.All User.Read Sites.Read.All Sites.ReadWrite.All","1/1/0001 12:00:00 AM"
"316d0ecb-81c4-4b37-80c6-4e84fe284288","Principal","6/9/2022 4:43:38 AM","yw5tMcSBN0uAxk6E_ihCiG1rkel6pnZPijM5l-i64B-kJhE_lBkfSbY1j0izcYki","3f1126a4-1994-491f-b635-8f48b3718922","e9916b6d-a67a-4f76-8a33-3997e8bae01f"," openid email profile User.Read","1/1/0001 12:00:00 AM"
"e9624927-dbbd-41d3-88a2-4a103c46f107","AllPrincipals","6/15/2022 6:35:25 PM","J0li6b3b00GIokoQPEbxB21rkel6pnZPijM5l-i64B8",,"e9916b6d-a67a-4f76-8a33-3997e8bae01f"," openid profile email offline_access","1/1/0001 12:00:00 AM"
"11ac363e-2a47-4c64-ae21-ee09504e561f","Principal","6/19/2022 4:19:13 PM","PjasEUcqZEyuIe4JUE5WH21rkel6pnZPijM5l-i64B8CyHAox_yAS7iA-kW9YDjO","2870c802-fcc7-4b80-b880-fa45bd6038ce","e9916b6d-a67a-4f76-8a33-3997e8bae01f"," User.Read","1/1/0001 12:00:00 AM"
"edd54317-9203-49be-9120-c553f9f5ed78","Principal","6/20/2022 2:52:52 PM","F0PV7QOSvkmRIMVT-fXteG1rkel6pnZPijM5l-i64B-pwPIRqsjDSqvGM_K0uO-g","11f2c0a9-c8aa-4ac3-abc6-33f2b4b8efa0","e9916b6d-a67a-4f76-8a33-3997e8bae01f"," profile openid User.Read Files.ReadWrite.All","1/1/0001 12:00:00 AM"
"91187897-ede8-4e64-a0ff-e38689977a6a","Principal","6/27/2022 9:08:46 PM","l3gYkejtZE6g_-OGiZd6am1rkel6pnZPijM5l-i64B_1GEPtDnT5QqUvK1KlC5wK","ed4318f5-740e-42f9-a52f-2b52a50b9c0a","e9916b6d-a67a-4f76-8a33-3997e8bae01f"," openid profile","1/1/0001 12:00:00 AM"
"dcd0de5a-7b47-43d7-9465-051f31ab5915","Principal","7/12/2022 2:55:20 AM","Wt7Q3Ed710OUZQUfMatZFW1rkel6pnZPijM5l-i64B8Y6IXceCxJRJA6zDgDzNHX","dc85e818-2c78-4449-903a-cc3803ccd1d7","e9916b6d-a67a-4f76-8a33-3997e8bae01f"," profile offline_access email openid User.Read Files.ReadWrite.All","1/1/0001 12:00:00 AM"
"9fbf68f3-364d-47f5-ab85-b278dd2a2edd","Principal","7/13/2022 5:50:41 PM","82i_n0029UerhbJ43Sou3W1rkel6pnZPijM5l-i64B9if2ifyIJZRolsTwoxMdgt","9f687f62-82c8-4659-896c-4f0a3131d82d","e9916b6d-a67a-4f76-8a33-3997e8bae01f"," openid profile email","1/1/0001 12:00:00 AM"
"9fbf68f3-364d-47f5-ab85-b278dd2a2edd","Principal","7/16/2022 11:22:32 PM","82i_n0029UerhbJ43Sou3W1rkel6pnZPijM5l-i64B-srBVkli-sQY9_SIDhKR2B","6415acac-2f96-41ac-8f7f-4880e1291d81","e9916b6d-a67a-4f76-8a33-3997e8bae01f"," openid profile email","1/1/0001 12:00:00 AM"
"9fbf68f3-364d-47f5-ab85-b278dd2a2edd","Principal","7/16/2022 4:01:53 AM","82i_n0029UerhbJ43Sou3W1rkel6pnZPijM5l-i64B8TyRwmjfZ7QpA0kPlVQ_GS","261cc913-f68d-427b-9034-90f95543f192","e9916b6d-a67a-4f76-8a33-3997e8bae01f"," openid profile email","1/1/0001 12:00:00 AM"
"9fbf68f3-364d-47f5-ab85-b278dd2a2edd","Principal","7/12/2022 2:03:03 PM","82i_n0029UerhbJ43Sou3W1rkel6pnZPijM5l-i64B9JZqGfgH6cRKriNuRZ4o3v","9fa16649-7e80-449c-aae2-36e459e28def","e9916b6d-a67a-4f76-8a33-3997e8bae01f"," openid profile email","1/1/0001 12:00:00 AM"
"9fbf68f3-364d-47f5-ab85-b278dd2a2edd","Principal","7/12/2022 1:25:41 PM","82i_n0029UerhbJ43Sou3W1rkel6pnZPijM5l-i64B8Y6IXceCxJRJA6zDgDzNHX","dc85e818-2c78-4449-903a-cc3803ccd1d7","e9916b6d-a67a-4f76-8a33-3997e8bae01f"," openid profile email","1/1/0001 12:00:00 AM"
"8a53e91b-2b88-44ae-be5c-a71daee53726","AllPrincipals","7/16/2022 11:19:14 PM","G-lTiogrrkS-XKcdruU3Jm1rkel6pnZPijM5l-i64B8",,"e9916b6d-a67a-4f76-8a33-3997e8bae01f","User.Read","1/1/0001 12:00:00 AM"
"8a53e91b-2b88-44ae-be5c-a71daee53726","AllPrincipals","7/16/2022 11:19:14 PM","G-lTiogrrkS-XKcdruU3Jij8gZWIMplCsm8Yc3kAmLk",,"9581fc28-3288-4299-b26f-1873790098b9","AdvancedHunting.Read","1/1/0001 12:00:00 AM"
"2b395080-4d0c-4fae-9397-dac67aeca5ab","AllPrincipals","7/17/2022 3:18:19 PM","gFA5KwxNrk-Tl9rGeuylq21rkel6pnZPijM5l-i64B8",,"e9916b6d-a67a-4f76-8a33-3997e8bae01f","User.Read","1/1/0001 12:00:00 AM"
"4d3a6575-20c4-486b-a110-a63c3bcaa187","Principal","7/20/2022 4:34:34 PM","dWU6TcQga0ihEKY8O8qhhw1MWvG5IFlLjpcepoZ9ztCrZ0RVOCXgT7S88M-4_tzA","554467ab-2538-4fe0-b4bc-f0cfb8fedcc0","f15a4c0d-20b9-4b59-8e97-1ea6867dced0","User.Read User.ReadBasic.All","1/1/0001 12:00:00 AM"
"6b8c52b7-86e6-4b78-b0d1-c23a4c296949","Principal","7/20/2022 4:34:34 PM","t1KMa-aGeEuw0cI6TClpSQ1MWvG5IFlLjpcepoZ9ztCrZ0RVOCXgT7S88M-4_tzA","554467ab-2538-4fe0-b4bc-f0cfb8fedcc0","f15a4c0d-20b9-4b59-8e97-1ea6867dced0","User.Read","1/1/0001 12:00:00 AM"
"6b8c52b7-86e6-4b78-b0d1-c23a4c296949","Principal","7/20/2022 4:34:34 PM","t1KMa-aGeEuw0cI6TClpSXVlOk3EIGtIoRCmPDvKoYerZ0RVOCXgT7S88M-4_tzA","554467ab-2538-4fe0-b4bc-f0cfb8fedcc0","4d3a6575-20c4-486b-a110-a63c3bcaa187","openid email user.read user.readbasic.all","1/1/0001 12:00:00 AM"
"d309aec8-7e93-4e7c-ae95-1c918579ea20","AllPrincipals","7/24/2022 9:21:21 PM","yK4J05N-fE6ulRyRhXnqIG1rkel6pnZPijM5l-i64B8",,"e9916b6d-a67a-4f76-8a33-3997e8bae01f","User.Read","1/1/0001 12:00:00 AM"
